source,component_path,component_name,migrated_path,mode,migrated,agent_visual_qa,human_qa,swapped,notes
adapters/web-ui,"packages/adapters/web-ui/src/components/AccordionList.tsx","AccordionList.tsx",,hybrid,pending,pending,pending,pending,
adapters/web-ui,"packages/adapters/web-ui/src/components/ActiveSessions.tsx","ActiveSessions.tsx",,hybrid,pending,pending,pending,pending,
adapters/web-ui,"packages/adapters/web-ui/src/components/ActivityFeed.tsx","ActivityFeed.tsx",,hybrid,pending,pending,pending,pending,
adapters/web-ui,"packages/adapters/web-ui/src/components/AgentAvatar.tsx","AgentAvatar.tsx",,hybrid,pending,pending,pending,pending,
adapters/web-ui,"packages/adapters/web-ui/src/components/AlertBanner.tsx","AlertBanner.tsx",,hybrid,pending,pending,pending,pending,
adapters/web-ui,"packages/adapters/web-ui/src/components/AudioPlayer.tsx","AudioPlayer.tsx",,hybrid,pending,pending,pending,pending,
adapters/web-ui,"packages/adapters/web-ui/src/components/AuditLogViewer.tsx","AuditLogViewer.tsx",,hybrid,pending,pending,pending,pending,
adapters/web-ui,"packages/adapters/web-ui/src/components/Badge.tsx","Badge.tsx",,hybrid,pending,pending,pending,pending,
adapters/web-ui,"packages/adapters/web-ui/src/components/BatteryMeter.tsx","BatteryMeter.tsx",,hybrid,pending,pending,pending,pending,
adapters/web-ui,"packages/adapters/web-ui/src/components/BrainActivity.tsx","BrainActivity.tsx",,hybrid,pending,pending,pending,pending,
adapters/web-ui,"packages/adapters/web-ui/src/components/Breadcrumbs.tsx","Breadcrumbs.tsx",,hybrid,pending,pending,pending,pending,
adapters/web-ui,"packages/adapters/web-ui/src/components/CalendarView.tsx","CalendarView.tsx",,hybrid,pending,pending,pending,pending,
adapters/web-ui,"packages/adapters/web-ui/src/components/CircularProgress.tsx","CircularProgress.tsx",,hybrid,pending,pending,pending,pending,
adapters/web-ui,"packages/adapters/web-ui/src/components/CodeDiffViewer.tsx","CodeDiffViewer.tsx",,hybrid,pending,pending,pending,pending,
adapters/web-ui,"packages/adapters/web-ui/src/components/ColorPicker.tsx","ColorPicker.tsx",,hybrid,pending,pending,pending,pending,
adapters/web-ui,"packages/adapters/web-ui/src/components/CommandPalette.tsx","CommandPalette.tsx",,hybrid,pending,pending,pending,pending,
adapters/web-ui,"packages/adapters/web-ui/src/components/ConfidenceMeter.tsx","ConfidenceMeter.tsx",,hybrid,pending,pending,pending,pending,
adapters/web-ui,"packages/adapters/web-ui/src/components/ConfirmationModal.tsx","ConfirmationModal.tsx",,hybrid,pending,pending,pending,pending,
adapters/web-ui,"packages/adapters/web-ui/src/components/ConflictResolver.tsx","ConflictResolver.tsx",,hybrid,pending,pending,pending,pending,
adapters/web-ui,"packages/adapters/web-ui/src/components/ConnectionSignal.tsx","ConnectionSignal.tsx",,hybrid,pending,pending,pending,pending,
adapters/web-ui,"packages/adapters/web-ui/src/components/ContextMenu.tsx","ContextMenu.tsx",,hybrid,pending,pending,pending,pending,
adapters/web-ui,"packages/adapters/web-ui/src/components/ContextUsage.tsx","ContextUsage.tsx",,hybrid,pending,pending,pending,pending,
adapters/web-ui,"packages/adapters/web-ui/src/components/CountdownWidget.tsx","CountdownWidget.tsx",,hybrid,pending,pending,pending,pending,
adapters/web-ui,"packages/adapters/web-ui/src/components/CsvViewer.tsx","CsvViewer.tsx",,hybrid,pending,pending,pending,pending,
adapters/web-ui,"packages/adapters/web-ui/src/components/DailyAgenda.tsx","DailyAgenda.tsx",,hybrid,pending,pending,pending,pending,
adapters/web-ui,"packages/adapters/web-ui/src/components/DataTable.tsx","DataTable.tsx",,hybrid,pending,pending,pending,pending,
adapters/web-ui,"packages/adapters/web-ui/src/components/DatePicker.tsx","DatePicker.tsx",,hybrid,pending,pending,pending,pending,
adapters/web-ui,"packages/adapters/web-ui/src/components/DatePickerPro.tsx","DatePickerPro.tsx",,hybrid,pending,pending,pending,pending,
adapters/web-ui,"packages/adapters/web-ui/src/components/DependencyGraph.tsx","DependencyGraph.tsx",,hybrid,pending,pending,pending,pending,
adapters/web-ui,"packages/adapters/web-ui/src/components/DiffStatSummary.tsx","DiffStatSummary.tsx",,hybrid,pending,pending,pending,pending,
adapters/web-ui,"packages/adapters/web-ui/src/components/DockMenu.tsx","DockMenu.tsx",,hybrid,pending,pending,pending,pending,
adapters/web-ui,"packages/adapters/web-ui/src/components/DraggableList.tsx","DraggableList.tsx",,hybrid,pending,pending,pending,pending,
adapters/web-ui,"packages/adapters/web-ui/src/components/EditableText.tsx","EditableText.tsx",,hybrid,pending,pending,pending,pending,
adapters/web-ui,"packages/adapters/web-ui/src/components/EmptyState.tsx","EmptyState.tsx",,hybrid,pending,pending,pending,pending,
adapters/web-ui,"packages/adapters/web-ui/src/components/EnrichmentPanel.tsx","EnrichmentPanel.tsx",,hybrid,pending,pending,pending,pending,
adapters/web-ui,"packages/adapters/web-ui/src/components/ErrorBoundary.tsx","ErrorBoundary.tsx",,hybrid,pending,pending,pending,pending,
adapters/web-ui,"packages/adapters/web-ui/src/components/ErrorCluster.tsx","ErrorCluster.tsx",,hybrid,pending,pending,pending,pending,
adapters/web-ui,"packages/adapters/web-ui/src/components/EventCard.tsx","EventCard.tsx",,hybrid,pending,pending,pending,pending,
adapters/web-ui,"packages/adapters/web-ui/src/components/FileAssetPicker.tsx","FileAssetPicker.tsx",,hybrid,pending,pending,pending,pending,
adapters/web-ui,"packages/adapters/web-ui/src/components/FileMetadataCard.tsx","FileMetadataCard.tsx",,hybrid,pending,pending,pending,pending,
adapters/web-ui,"packages/adapters/web-ui/src/components/GeoRequestMap.tsx","GeoRequestMap.tsx",,hybrid,pending,pending,pending,pending,
adapters/web-ui,"packages/adapters/web-ui/src/components/HeatmapGrid.tsx","HeatmapGrid.tsx",,hybrid,pending,pending,pending,pending,
adapters/web-ui,"packages/adapters/web-ui/src/components/HexInspector.tsx","HexInspector.tsx",,hybrid,pending,pending,pending,pending,
adapters/web-ui,"packages/adapters/web-ui/src/components/HistoryView.tsx","HistoryView.tsx",,hybrid,pending,pending,pending,pending,
adapters/web-ui,"packages/adapters/web-ui/src/components/HoverCard.tsx","HoverCard.tsx",,hybrid,pending,pending,pending,pending,
adapters/web-ui,"packages/adapters/web-ui/src/components/ImageCompare.tsx","ImageCompare.tsx",,hybrid,pending,pending,pending,pending,
adapters/web-ui,"packages/adapters/web-ui/src/components/ImageDiff.tsx","ImageDiff.tsx",,hybrid,pending,pending,pending,pending,
adapters/web-ui,"packages/adapters/web-ui/src/components/InfoSidebar.tsx","InfoSidebar.tsx",,hybrid,pending,pending,pending,pending,
adapters/web-ui,"packages/adapters/web-ui/src/components/InlineTutorialTooltip.tsx","InlineTutorialTooltip.tsx",,hybrid,pending,pending,pending,pending,
adapters/web-ui,"packages/adapters/web-ui/src/components/JsonDiff.tsx","JsonDiff.tsx",,hybrid,pending,pending,pending,pending,
adapters/web-ui,"packages/adapters/web-ui/src/components/JsonEditor.tsx","JsonEditor.tsx",,hybrid,pending,pending,pending,pending,
adapters/web-ui,"packages/adapters/web-ui/src/components/KanbanBoard.tsx","KanbanBoard.tsx",,hybrid,pending,pending,pending,pending,
adapters/web-ui,"packages/adapters/web-ui/src/components/Knob.tsx","Knob.tsx",,hybrid,pending,pending,pending,pending,
adapters/web-ui,"packages/adapters/web-ui/src/components/LandingPage.tsx","LandingPage.tsx",,hybrid,pending,pending,pending,pending,
adapters/web-ui,"packages/adapters/web-ui/src/components/LatencyHistogram.tsx","LatencyHistogram.tsx",,hybrid,pending,pending,pending,pending,
adapters/web-ui,"packages/adapters/web-ui/src/components/LeaseApproval.tsx","LeaseApproval.tsx",,hybrid,pending,pending,pending,pending,
adapters/web-ui,"packages/adapters/web-ui/src/components/LiveBadge.tsx","LiveBadge.tsx",,hybrid,pending,pending,pending,pending,
adapters/web-ui,"packages/adapters/web-ui/src/components/LoadingProgress.tsx","LoadingProgress.tsx",,hybrid,pending,pending,pending,pending,
adapters/web-ui,"packages/adapters/web-ui/src/components/LogHistogram.tsx","LogHistogram.tsx",,hybrid,pending,pending,pending,pending,
adapters/web-ui,"packages/adapters/web-ui/src/components/LogStream.tsx","LogStream.tsx",,hybrid,pending,pending,pending,pending,
adapters/web-ui,"packages/adapters/web-ui/src/components/LogViewer.tsx","LogViewer.tsx",,hybrid,pending,pending,pending,pending,
adapters/web-ui,"packages/adapters/web-ui/src/components/MarkdownEditor.tsx","MarkdownEditor.tsx",,hybrid,pending,pending,pending,pending,
adapters/web-ui,"packages/adapters/web-ui/src/components/MemoryUsageChart.tsx","MemoryUsageChart.tsx",,hybrid,pending,pending,pending,pending,
adapters/web-ui,"packages/adapters/web-ui/src/components/MessageBubble.tsx","MessageBubble.tsx",,hybrid,pending,pending,pending,pending,
adapters/web-ui,"packages/adapters/web-ui/src/components/MetricChart.tsx","MetricChart.tsx",,hybrid,pending,pending,pending,pending,
adapters/web-ui,"packages/adapters/web-ui/src/components/MindMap.tsx","MindMap.tsx",,hybrid,pending,pending,pending,pending,
adapters/web-ui,"packages/adapters/web-ui/src/components/MiniMap.tsx","MiniMap.tsx",,hybrid,pending,pending,pending,pending,
adapters/web-ui,"packages/adapters/web-ui/src/components/ModelSelector.tsx","ModelSelector.tsx",,hybrid,pending,pending,pending,pending,
adapters/web-ui,"packages/adapters/web-ui/src/components/MultiSelect.tsx","MultiSelect.tsx",,hybrid,pending,pending,pending,pending,
adapters/web-ui,"packages/adapters/web-ui/src/components/NetworkGraph.tsx","NetworkGraph.tsx",,hybrid,pending,pending,pending,pending,
adapters/web-ui,"packages/adapters/web-ui/src/components/NetworkTopology.tsx","NetworkTopology.tsx",,hybrid,pending,pending,pending,pending,
adapters/web-ui,"packages/adapters/web-ui/src/components/OrgChart.tsx","OrgChart.tsx",,hybrid,pending,pending,pending,pending,
adapters/web-ui,"packages/adapters/web-ui/src/components/Pagination.tsx","Pagination.tsx",,hybrid,pending,pending,pending,pending,
adapters/web-ui,"packages/adapters/web-ui/src/components/PdfPreview.tsx","PdfPreview.tsx",,hybrid,pending,pending,pending,pending,
adapters/web-ui,"packages/adapters/web-ui/src/components/PinInput.tsx","PinInput.tsx",,hybrid,pending,pending,pending,pending,
adapters/web-ui,"packages/adapters/web-ui/src/components/PingCard.tsx","PingCard.tsx",,hybrid,pending,pending,pending,pending,
adapters/web-ui,"packages/adapters/web-ui/src/components/PrimitivesGallery.tsx","PrimitivesGallery.tsx",,hybrid,pending,pending,pending,pending,
adapters/web-ui,"packages/adapters/web-ui/src/components/ProgressBar.tsx","ProgressBar.tsx",,hybrid,pending,pending,pending,pending,
adapters/web-ui,"packages/adapters/web-ui/src/components/ProgressTimeline.tsx","ProgressTimeline.tsx",,hybrid,pending,pending,pending,pending,
adapters/web-ui,"packages/adapters/web-ui/src/components/PromptEditor.tsx","PromptEditor.tsx",,hybrid,pending,pending,pending,pending,
adapters/web-ui,"packages/adapters/web-ui/src/components/PropertyGrid.tsx","PropertyGrid.tsx",,hybrid,pending,pending,pending,pending,
adapters/web-ui,"packages/adapters/web-ui/src/components/QuickActions.tsx","QuickActions.tsx",,hybrid,pending,pending,pending,pending,
adapters/web-ui,"packages/adapters/web-ui/src/components/RadarChart.tsx","RadarChart.tsx",,hybrid,pending,pending,pending,pending,
adapters/web-ui,"packages/adapters/web-ui/src/components/RadialNav.tsx","RadialNav.tsx",,hybrid,pending,pending,pending,pending,
adapters/web-ui,"packages/adapters/web-ui/src/components/RangeSlider.tsx","RangeSlider.tsx",,hybrid,pending,pending,pending,pending,
adapters/web-ui,"packages/adapters/web-ui/src/components/Rating.tsx","Rating.tsx",,hybrid,pending,pending,pending,pending,
adapters/web-ui,"packages/adapters/web-ui/src/components/RecurringEventEditor.tsx","RecurringEventEditor.tsx",,hybrid,pending,pending,pending,pending,
adapters/web-ui,"packages/adapters/web-ui/src/components/RegexTester.tsx","RegexTester.tsx",,hybrid,pending,pending,pending,pending,
adapters/web-ui,"packages/adapters/web-ui/src/components/ResourceGauge.tsx","ResourceGauge.tsx",,hybrid,pending,pending,pending,pending,
adapters/web-ui,"packages/adapters/web-ui/src/components/ResourceView.tsx","ResourceView.tsx",,hybrid,pending,pending,pending,pending,
adapters/web-ui,"packages/adapters/web-ui/src/components/RichMarkdownRenderer.tsx","RichMarkdownRenderer.tsx",,hybrid,pending,pending,pending,pending,
adapters/web-ui,"packages/adapters/web-ui/src/components/SankeyDiagram.tsx","SankeyDiagram.tsx",,hybrid,pending,pending,pending,pending,
adapters/web-ui,"packages/adapters/web-ui/src/components/SearchInput.tsx","SearchInput.tsx",,hybrid,pending,pending,pending,pending,
adapters/web-ui,"packages/adapters/web-ui/src/components/SecretInput.tsx","SecretInput.tsx",,hybrid,pending,pending,pending,pending,
adapters/web-ui,"packages/adapters/web-ui/src/components/SegmentedControl.tsx","SegmentedControl.tsx",,hybrid,pending,pending,pending,pending,
adapters/web-ui,"packages/adapters/web-ui/src/components/SelectionList.tsx","SelectionList.tsx",,hybrid,pending,pending,pending,pending,
adapters/web-ui,"packages/adapters/web-ui/src/components/SharedComponents.tsx","SharedComponents.tsx",,hybrid,pending,pending,pending,pending,
adapters/web-ui,"packages/adapters/web-ui/src/components/SidePanel.tsx","SidePanel.tsx",,hybrid,pending,pending,pending,pending,
adapters/web-ui,"packages/adapters/web-ui/src/components/Skeleton.tsx","Skeleton.tsx",,hybrid,pending,pending,pending,pending,
adapters/web-ui,"packages/adapters/web-ui/src/components/Slider.tsx","Slider.tsx",,hybrid,pending,pending,pending,pending,
adapters/web-ui,"packages/adapters/web-ui/src/components/SmartActionResult.tsx","SmartActionResult.tsx",,hybrid,pending,pending,pending,pending,
adapters/web-ui,"packages/adapters/web-ui/src/components/Spinner.tsx","Spinner.tsx",,hybrid,pending,pending,pending,pending,
adapters/web-ui,"packages/adapters/web-ui/src/components/SplitView.tsx","SplitView.tsx",,hybrid,pending,pending,pending,pending,
adapters/web-ui,"packages/adapters/web-ui/src/components/StatsGrid.tsx","StatsGrid.tsx",,hybrid,pending,pending,pending,pending,
adapters/web-ui,"packages/adapters/web-ui/src/components/StatusCard.tsx","StatusCard.tsx",,hybrid,pending,pending,pending,pending,
adapters/web-ui,"packages/adapters/web-ui/src/components/StatusIndicator.tsx","StatusIndicator.tsx",,hybrid,pending,pending,pending,pending,
adapters/web-ui,"packages/adapters/web-ui/src/components/StepChecklist.tsx","StepChecklist.tsx",,hybrid,pending,pending,pending,pending,
adapters/web-ui,"packages/adapters/web-ui/src/components/StepTracker.tsx","StepTracker.tsx",,hybrid,pending,pending,pending,pending,
adapters/web-ui,"packages/adapters/web-ui/src/components/Stepper.tsx","Stepper.tsx",,hybrid,pending,pending,pending,pending,
adapters/web-ui,"packages/adapters/web-ui/src/components/StorageDistribution.tsx","StorageDistribution.tsx",,hybrid,pending,pending,pending,pending,
adapters/web-ui,"packages/adapters/web-ui/src/components/SystemHealthGauge.tsx","SystemHealthGauge.tsx",,hybrid,pending,pending,pending,pending,
adapters/web-ui,"packages/adapters/web-ui/src/components/TabsContainer.tsx","TabsContainer.tsx",,hybrid,pending,pending,pending,pending,
adapters/web-ui,"packages/adapters/web-ui/src/components/TagInput.tsx","TagInput.tsx",,hybrid,pending,pending,pending,pending,
adapters/web-ui,"packages/adapters/web-ui/src/components/TaskQueue.tsx","TaskQueue.tsx",,hybrid,pending,pending,pending,pending,
adapters/web-ui,"packages/adapters/web-ui/src/components/TaskWorkflow.tsx","TaskWorkflow.tsx",,hybrid,pending,pending,pending,pending,
adapters/web-ui,"packages/adapters/web-ui/src/components/TeamRoster.tsx","TeamRoster.tsx",,hybrid,pending,pending,pending,pending,
adapters/web-ui,"packages/adapters/web-ui/src/components/TerminalView.tsx","TerminalView.tsx",,hybrid,pending,pending,pending,pending,
adapters/web-ui,"packages/adapters/web-ui/src/components/TextArea.tsx","TextArea.tsx",,hybrid,pending,pending,pending,pending,
adapters/web-ui,"packages/adapters/web-ui/src/components/ThemeToggle.tsx","ThemeToggle.tsx",,hybrid,pending,pending,pending,pending,
adapters/web-ui,"packages/adapters/web-ui/src/components/TimeSlotPicker.tsx","TimeSlotPicker.tsx",,hybrid,pending,pending,pending,pending,
adapters/web-ui,"packages/adapters/web-ui/src/components/Timeline.tsx","Timeline.tsx",,hybrid,pending,pending,pending,pending,
adapters/web-ui,"packages/adapters/web-ui/src/components/TimezoneSlider.tsx","TimezoneSlider.tsx",,hybrid,pending,pending,pending,pending,
adapters/web-ui,"packages/adapters/web-ui/src/components/ToastManager.tsx","ToastManager.tsx",,hybrid,pending,pending,pending,pending,
adapters/web-ui,"packages/adapters/web-ui/src/components/ToggleSwitch.tsx","ToggleSwitch.tsx",,hybrid,pending,pending,pending,pending,
adapters/web-ui,"packages/adapters/web-ui/src/components/TokenStream.tsx","TokenStream.tsx",,hybrid,pending,pending,pending,pending,
adapters/web-ui,"packages/adapters/web-ui/src/components/ToolInvocation.tsx","ToolInvocation.tsx",,hybrid,pending,pending,pending,pending,
adapters/web-ui,"packages/adapters/web-ui/src/components/TransferList.tsx","TransferList.tsx",,hybrid,pending,pending,pending,pending,
adapters/web-ui,"packages/adapters/web-ui/src/components/TreeBrowser.tsx","TreeBrowser.tsx",,hybrid,pending,pending,pending,pending,
adapters/web-ui,"packages/adapters/web-ui/src/components/TypingIndicator.tsx","TypingIndicator.tsx",,hybrid,pending,pending,pending,pending,
adapters/web-ui,"packages/adapters/web-ui/src/components/VectorCluster.tsx","VectorCluster.tsx",,hybrid,pending,pending,pending,pending,
adapters/web-ui,"packages/adapters/web-ui/src/components/VideoPlayer.tsx","VideoPlayer.tsx",,hybrid,pending,pending,pending,pending,
adapters/web-ui,"packages/adapters/web-ui/src/components/WeatherCard.tsx","WeatherCard.tsx",,hybrid,pending,pending,pending,pending,
adapters/web-ui,"packages/adapters/web-ui/src/components/WeeklySchedule.tsx","WeeklySchedule.tsx",,hybrid,pending,pending,pending,pending,
adapters/web-ui,"packages/adapters/web-ui/src/components/WizardStep.tsx","WizardStep.tsx",,hybrid,pending,pending,pending,pending,
adapters/web-ui,"packages/adapters/web-ui/src/components/WorldClock.tsx","WorldClock.tsx",,hybrid,pending,pending,pending,pending,
adapters/web-ui,"packages/adapters/web-ui/src/components/YearHeatmap.tsx","YearHeatmap.tsx",,hybrid,pending,pending,pending,pending,
adapters/web-ui,"packages/adapters/web-ui/src/components/canvas/CanvasRenderer.tsx","CanvasRenderer.tsx",,hybrid,pending,pending,pending,pending,
adapters/web-ui,"packages/adapters/web-ui/src/components/canvas/ConnectionStatus.tsx","ConnectionStatus.tsx",,hybrid,pending,pending,pending,pending,
adapters/web-ui,"packages/adapters/web-ui/src/components/canvas/KanbanBoard.tsx","KanbanBoard.tsx",,hybrid,pending,pending,pending,pending,
adapters/web-ui,"packages/adapters/web-ui/src/components/canvas/MarkdownCard.tsx","MarkdownCard.tsx",,hybrid,pending,pending,pending,pending,
adapters/web-ui,"packages/adapters/web-ui/src/components/canvas/PolymorphPlayground.tsx","PolymorphPlayground.tsx",,hybrid,pending,pending,pending,pending,
adapters/web-ui,"packages/adapters/web-ui/src/components/canvas/TodoList.tsx","TodoList.tsx",,hybrid,pending,pending,pending,pending,
adapters/web-ui,"packages/adapters/web-ui/src/components/data/AdvancedDataGrid.tsx","AdvancedDataGrid.tsx",,hybrid,pending,pending,pending,pending,
adapters/web-ui,"packages/adapters/web-ui/src/components/data/CsvPreview.tsx","CsvPreview.tsx",,hybrid,pending,pending,pending,pending,
adapters/web-ui,"packages/adapters/web-ui/src/components/data/DataMetricsBoard.tsx","DataMetricsBoard.tsx",,hybrid,pending,pending,pending,pending,
adapters/web-ui,"packages/adapters/web-ui/src/components/data/DataPipeline.tsx","DataPipeline.tsx",,hybrid,pending,pending,pending,pending,
adapters/web-ui,"packages/adapters/web-ui/src/components/data/HexDumpView.tsx","HexDumpView.tsx",,hybrid,pending,pending,pending,pending,
adapters/web-ui,"packages/adapters/web-ui/src/components/data/JsonTreeViewer.tsx","JsonTreeViewer.tsx",,hybrid,pending,pending,pending,pending,
adapters/web-ui,"packages/adapters/web-ui/src/components/data/KeyValueStore.tsx","KeyValueStore.tsx",,hybrid,pending,pending,pending,pending,
adapters/web-ui,"packages/adapters/web-ui/src/components/data/ObjectProperties.tsx","ObjectProperties.tsx",,hybrid,pending,pending,pending,pending,
adapters/web-ui,"packages/adapters/web-ui/src/components/data/SchemaGraph.tsx","SchemaGraph.tsx",,hybrid,pending,pending,pending,pending,
adapters/web-ui,"packages/adapters/web-ui/src/components/data/SqlResultTable.tsx","SqlResultTable.tsx",,hybrid,pending,pending,pending,pending,
adapters/web-ui,"packages/adapters/web-ui/src/components/finance/AssetCard.tsx","AssetCard.tsx",,hybrid,pending,pending,pending,pending,
adapters/web-ui,"packages/adapters/web-ui/src/components/finance/CandleStickChart.tsx","CandleStickChart.tsx",,hybrid,pending,pending,pending,pending,
adapters/web-ui,"packages/adapters/web-ui/src/components/finance/DepthChart.tsx","DepthChart.tsx",,hybrid,pending,pending,pending,pending,
adapters/web-ui,"packages/adapters/web-ui/src/components/finance/ExchangeStatus.tsx","ExchangeStatus.tsx",,hybrid,pending,pending,pending,pending,
adapters/web-ui,"packages/adapters/web-ui/src/components/finance/ForecastingLine.tsx","ForecastingLine.tsx",,hybrid,pending,pending,pending,pending,
adapters/web-ui,"packages/adapters/web-ui/src/components/finance/MarketHeatmap.tsx","MarketHeatmap.tsx",,hybrid,pending,pending,pending,pending,
adapters/web-ui,"packages/adapters/web-ui/src/components/finance/OrderBook.tsx","OrderBook.tsx",,hybrid,pending,pending,pending,pending,
adapters/web-ui,"packages/adapters/web-ui/src/components/finance/PortfolioPie.tsx","PortfolioPie.tsx",,hybrid,pending,pending,pending,pending,
adapters/web-ui,"packages/adapters/web-ui/src/components/finance/TickerTape.tsx","TickerTape.tsx",,hybrid,pending,pending,pending,pending,
adapters/web-ui,"packages/adapters/web-ui/src/components/finance/TradeHistory.tsx","TradeHistory.tsx",,hybrid,pending,pending,pending,pending,
adapters/web-ui,"packages/adapters/web-ui/src/components/gallery/GalleryAISection.tsx","GalleryAISection.tsx",,hybrid,pending,pending,pending,pending,
adapters/web-ui,"packages/adapters/web-ui/src/components/gallery/GalleryContentSection.tsx","GalleryContentSection.tsx",,hybrid,pending,pending,pending,pending,
adapters/web-ui,"packages/adapters/web-ui/src/components/gallery/GalleryDashboardSection.tsx","GalleryDashboardSection.tsx",,hybrid,pending,pending,pending,pending,
adapters/web-ui,"packages/adapters/web-ui/src/components/gallery/GalleryDataSection.tsx","GalleryDataSection.tsx",,hybrid,pending,pending,pending,pending,
adapters/web-ui,"packages/adapters/web-ui/src/components/gallery/GalleryFeedbackSection.tsx","GalleryFeedbackSection.tsx",,hybrid,pending,pending,pending,pending,
adapters/web-ui,"packages/adapters/web-ui/src/components/gallery/GalleryFinanceSection.tsx","GalleryFinanceSection.tsx",,hybrid,pending,pending,pending,pending,
adapters/web-ui,"packages/adapters/web-ui/src/components/gallery/GalleryFormsSection.tsx","GalleryFormsSection.tsx",,hybrid,pending,pending,pending,pending,
adapters/web-ui,"packages/adapters/web-ui/src/components/gallery/GalleryInteractionSection.tsx","GalleryInteractionSection.tsx",,hybrid,pending,pending,pending,pending,
adapters/web-ui,"packages/adapters/web-ui/src/components/gallery/GalleryLogsSection.tsx","GalleryLogsSection.tsx",,hybrid,pending,pending,pending,pending,
adapters/web-ui,"packages/adapters/web-ui/src/components/gallery/GalleryMediaSection.tsx","GalleryMediaSection.tsx",,hybrid,pending,pending,pending,pending,
adapters/web-ui,"packages/adapters/web-ui/src/components/gallery/GalleryNavigationSection.tsx","GalleryNavigationSection.tsx",,hybrid,pending,pending,pending,pending,
adapters/web-ui,"packages/adapters/web-ui/src/components/gallery/GallerySchedulingSection.tsx","GallerySchedulingSection.tsx",,hybrid,pending,pending,pending,pending,
adapters/web-ui,"packages/adapters/web-ui/src/components/gallery/GallerySofiaSection.tsx","GallerySofiaSection.tsx",,hybrid,pending,pending,pending,pending,
adapters/web-ui,"packages/adapters/web-ui/src/components/gallery/GallerySystemSection.tsx","GallerySystemSection.tsx",,hybrid,pending,pending,pending,pending,
adapters/web-ui,"packages/adapters/web-ui/src/components/gallery/GalleryVisualsSection.tsx","GalleryVisualsSection.tsx",,hybrid,pending,pending,pending,pending,
adapters/web-ui,"packages/adapters/web-ui/src/components/lcars/LcarsButton.tsx","LcarsButton.tsx",,hybrid,pending,pending,pending,pending,
adapters/web-ui,"packages/adapters/web-ui/src/components/lcars/LcarsElbow.tsx","LcarsElbow.tsx",,hybrid,pending,pending,pending,pending,
adapters/web-ui,"packages/adapters/web-ui/src/components/lcars/LcarsPanel.tsx","LcarsPanel.tsx",,hybrid,pending,pending,pending,pending,
adapters/web-ui,"packages/adapters/web-ui/src/components/logs/AlertFeed.tsx","AlertFeed.tsx",,hybrid,pending,pending,pending,pending,
adapters/web-ui,"packages/adapters/web-ui/src/components/logs/AuditLogTable.tsx","AuditLogTable.tsx",,hybrid,pending,pending,pending,pending,
adapters/web-ui,"packages/adapters/web-ui/src/components/logs/BuildStatusLogs.tsx","BuildStatusLogs.tsx",,hybrid,pending,pending,pending,pending,
adapters/web-ui,"packages/adapters/web-ui/src/components/logs/DistributedTrace.tsx","DistributedTrace.tsx",,hybrid,pending,pending,pending,pending,
adapters/web-ui,"packages/adapters/web-ui/src/components/logs/DockerStats.tsx","DockerStats.tsx",,hybrid,pending,pending,pending,pending,
adapters/web-ui,"packages/adapters/web-ui/src/components/logs/EventTimeline.tsx","EventTimeline.tsx",,hybrid,pending,pending,pending,pending,
adapters/web-ui,"packages/adapters/web-ui/src/components/logs/HttpInspector.tsx","HttpInspector.tsx",,hybrid,pending,pending,pending,pending,
adapters/web-ui,"packages/adapters/web-ui/src/components/logs/LiveLogStream.tsx","LiveLogStream.tsx",,hybrid,pending,pending,pending,pending,
adapters/web-ui,"packages/adapters/web-ui/src/components/logs/LogSearchQuery.tsx","LogSearchQuery.tsx",,hybrid,pending,pending,pending,pending,
adapters/web-ui,"packages/adapters/web-ui/src/components/logs/StackTraceProfiler.tsx","StackTraceProfiler.tsx",,hybrid,pending,pending,pending,pending,
adapters/web-ui,"packages/adapters/web-ui/src/components/sofia/dashboard/ArtifactBadge.tsx","ArtifactBadge.tsx",,hybrid,pending,pending,pending,pending,
adapters/web-ui,"packages/adapters/web-ui/src/components/sofia/dashboard/CollapseButton.tsx","CollapseButton.tsx",,hybrid,pending,pending,pending,pending,
adapters/web-ui,"packages/adapters/web-ui/src/components/sofia/dashboard/DashboardWidget.tsx","DashboardWidget.tsx",,hybrid,pending,pending,pending,pending,
adapters/web-ui,"packages/adapters/web-ui/src/components/sofia/dashboard/DocCard.tsx","DocCard.tsx",,hybrid,pending,pending,pending,pending,
adapters/web-ui,"packages/adapters/web-ui/src/components/sofia/dashboard/GraphView.tsx","GraphView.tsx",,hybrid,pending,pending,pending,pending,
adapters/web-ui,"packages/adapters/web-ui/src/components/sofia/dashboard/LoadingStateProvider.tsx","LoadingStateProvider.tsx",,hybrid,pending,pending,pending,pending,
adapters/web-ui,"packages/adapters/web-ui/src/components/sofia/dashboard/ResponsiveDashboard.tsx","ResponsiveDashboard.tsx",,hybrid,pending,pending,pending,pending,
adapters/web-ui,"packages/adapters/web-ui/src/components/sofia/dashboard/SpecPanel.tsx","SpecPanel.tsx",,hybrid,pending,pending,pending,pending,
adapters/web-ui,"packages/adapters/web-ui/src/components/sofia/dashboard/StreamingIndicator.tsx","StreamingIndicator.tsx",,hybrid,pending,pending,pending,pending,
adapters/web-ui,"packages/adapters/web-ui/src/components/sofia/dashboard/TreeExpander.tsx","TreeExpander.tsx",,hybrid,pending,pending,pending,pending,
adapters/web-ui,"packages/adapters/web-ui/src/components/sofia/dashboard/WidgetCrashFallback.tsx","WidgetCrashFallback.tsx",,hybrid,pending,pending,pending,pending,
adapters/web-ui,"packages/adapters/web-ui/src/components/sofia/dashboard/WidgetEmpty.tsx","WidgetEmpty.tsx",,hybrid,pending,pending,pending,pending,
adapters/web-ui,"packages/adapters/web-ui/src/components/sofia/dashboard/WidgetError.tsx","WidgetError.tsx",,hybrid,pending,pending,pending,pending,
adapters/web-ui,"packages/adapters/web-ui/src/components/sofia/dashboard/WidgetFooter.tsx","WidgetFooter.tsx",,hybrid,pending,pending,pending,pending,
adapters/web-ui,"packages/adapters/web-ui/src/components/sofia/dashboard/WidgetHeaderAction.tsx","WidgetHeaderAction.tsx",,hybrid,pending,pending,pending,pending,
adapters/web-ui,"packages/adapters/web-ui/src/components/sofia/dashboard/WidgetWrapper.tsx","WidgetWrapper.tsx",,hybrid,pending,pending,pending,pending,
adapters/web-ui,"packages/adapters/web-ui/src/components/sofia/dashboard/skeletons/ChartSkeleton.tsx","ChartSkeleton.tsx",,hybrid,pending,pending,pending,pending,
adapters/web-ui,"packages/adapters/web-ui/src/components/sofia/dashboard/skeletons/GaugeSkeleton.tsx","GaugeSkeleton.tsx",,hybrid,pending,pending,pending,pending,
adapters/web-ui,"packages/adapters/web-ui/src/components/sofia/dashboard/skeletons/GridSkeleton.tsx","GridSkeleton.tsx",,hybrid,pending,pending,pending,pending,
adapters/web-ui,"packages/adapters/web-ui/src/components/sofia/dashboard/skeletons/StatGridSkeleton.tsx","StatGridSkeleton.tsx",,hybrid,pending,pending,pending,pending,
adapters/web-ui,"packages/adapters/web-ui/src/components/sofia/dashboard/skeletons/StatusBarSkeleton.tsx","StatusBarSkeleton.tsx",,hybrid,pending,pending,pending,pending,
adapters/web-ui,"packages/adapters/web-ui/src/components/sofia/dashboard/skeletons/TableSkeleton.tsx","TableSkeleton.tsx",,hybrid,pending,pending,pending,pending,
adapters/web-ui,"packages/adapters/web-ui/src/components/sofia/recipes/CrudDetailPage.tsx","CrudDetailPage.tsx",,hybrid,pending,pending,pending,pending,
adapters/web-ui,"packages/adapters/web-ui/src/components/sofia/recipes/CrudListPage.tsx","CrudListPage.tsx",,hybrid,pending,pending,pending,pending,
adapters/web-ui,"packages/adapters/web-ui/src/components/sofia/recipes/EntityForm.tsx","EntityForm.tsx",,hybrid,pending,pending,pending,pending,
adapters/web-ui,"packages/adapters/web-ui/src/components/sofia/recipes/FilterBar.tsx","FilterBar.tsx",,hybrid,pending,pending,pending,pending,
adapters/web-ui,"packages/adapters/web-ui/src/components/sofia/recipes/ViewSwitcher.tsx","ViewSwitcher.tsx",,hybrid,pending,pending,pending,pending,
adapters/web-ui,"packages/adapters/web-ui/src/components/sofia/recipes/context.tsx","context.tsx",,hybrid,pending,pending,pending,pending,
adapters/web-ui,"packages/adapters/web-ui/src/components/sofia/recipes/crud/forms/FieldRenderer.tsx","FieldRenderer.tsx",,hybrid,pending,pending,pending,pending,
adapters/web-ui,"packages/adapters/web-ui/src/components/sofia/recipes/crud/layouts/CrudArchivePage.tsx","CrudArchivePage.tsx",,hybrid,pending,pending,pending,pending,
adapters/web-ui,"packages/adapters/web-ui/src/components/sofia/recipes/dialogs/ArchiveDialog.tsx","ArchiveDialog.tsx",,hybrid,pending,pending,pending,pending,
adapters/web-ui,"packages/adapters/web-ui/src/components/sofia/recipes/dialogs/CreateDialog.tsx","CreateDialog.tsx",,hybrid,pending,pending,pending,pending,
adapters/web-ui,"packages/adapters/web-ui/src/components/sofia/recipes/dialogs/DeleteDialog.tsx","DeleteDialog.tsx",,hybrid,pending,pending,pending,pending,
adapters/web-ui,"packages/adapters/web-ui/src/components/sofia/recipes/dialogs/EditDialog.tsx","EditDialog.tsx",,hybrid,pending,pending,pending,pending,
adapters/web-ui,"packages/adapters/web-ui/src/components/sofia/recipes/dialogs/RestoreDialog.tsx","RestoreDialog.tsx",,hybrid,pending,pending,pending,pending,
adapters/web-ui,"packages/adapters/web-ui/src/components/sofia/recipes/header-status-dropdown.tsx","header-status-dropdown.tsx",,hybrid,pending,pending,pending,pending,
adapters/web-ui,"packages/adapters/web-ui/src/components/sofia/recipes/hero.tsx","hero.tsx",,hybrid,pending,pending,pending,pending,
adapters/web-ui,"packages/adapters/web-ui/src/components/sofia/recipes/views/ListView.tsx","ListView.tsx",,hybrid,pending,pending,pending,pending,
adapters/web-ui,"packages/adapters/web-ui/src/components/sofia/recipes/views/TableView.tsx","TableView.tsx",,hybrid,pending,pending,pending,pending,
adapters/web-ui,"packages/adapters/web-ui/src/components/sofia/recipes/views/TileCard.tsx","TileCard.tsx",,hybrid,pending,pending,pending,pending,
adapters/web-ui,"packages/adapters/web-ui/src/components/sofia/recipes/views/TileView.tsx","TileView.tsx",,hybrid,pending,pending,pending,pending,
adapters/web-ui,"packages/adapters/web-ui/src/components/sofia/recipes/views/ViewSwitcher.tsx","ViewSwitcher.tsx",,hybrid,pending,pending,pending,pending,
adapters/web-ui,"packages/adapters/web-ui/src/components/sofia/skeletons/ChartSkeleton.tsx","ChartSkeleton.tsx",,hybrid,pending,pending,pending,pending,
adapters/web-ui,"packages/adapters/web-ui/src/components/sofia/skeletons/GaugeSkeleton.tsx","GaugeSkeleton.tsx",,hybrid,pending,pending,pending,pending,
adapters/web-ui,"packages/adapters/web-ui/src/components/sofia/skeletons/GridSkeleton.tsx","GridSkeleton.tsx",,hybrid,pending,pending,pending,pending,
adapters/web-ui,"packages/adapters/web-ui/src/components/sofia/skeletons/StatGridSkeleton.tsx","StatGridSkeleton.tsx",,hybrid,pending,pending,pending,pending,
adapters/web-ui,"packages/adapters/web-ui/src/components/sofia/skeletons/StatusBarSkeleton.tsx","StatusBarSkeleton.tsx",,hybrid,pending,pending,pending,pending,
adapters/web-ui,"packages/adapters/web-ui/src/components/sofia/skeletons/TableSkeleton.tsx","TableSkeleton.tsx",,hybrid,pending,pending,pending,pending,
adapters/web-ui,"packages/adapters/web-ui/src/components/sofia/ui/AlertDialog.tsx","AlertDialog.tsx",,hybrid,pending,pending,pending,pending,
adapters/web-ui,"packages/adapters/web-ui/src/components/sofia/ui/Animations.tsx","Animations.tsx",,hybrid,pending,pending,pending,pending,
adapters/web-ui,"packages/adapters/web-ui/src/components/sofia/ui/Badge.tsx","Badge.tsx",,hybrid,pending,pending,pending,pending,
adapters/web-ui,"packages/adapters/web-ui/src/components/sofia/ui/Button.tsx","Button.tsx",,hybrid,pending,pending,pending,pending,
adapters/web-ui,"packages/adapters/web-ui/src/components/sofia/ui/Card.tsx","Card.tsx",,hybrid,pending,pending,pending,pending,
adapters/web-ui,"packages/adapters/web-ui/src/components/sofia/ui/Checkbox.tsx","Checkbox.tsx",,hybrid,pending,pending,pending,pending,
adapters/web-ui,"packages/adapters/web-ui/src/components/sofia/ui/Dialog.tsx","Dialog.tsx",,hybrid,pending,pending,pending,pending,
adapters/web-ui,"packages/adapters/web-ui/src/components/sofia/ui/FilteredDropdown.tsx","FilteredDropdown.tsx",,hybrid,pending,pending,pending,pending,
adapters/web-ui,"packages/adapters/web-ui/src/components/sofia/ui/Form.tsx","Form.tsx",,hybrid,pending,pending,pending,pending,
adapters/web-ui,"packages/adapters/web-ui/src/components/sofia/ui/GlowOrb.tsx","GlowOrb.tsx",,hybrid,pending,pending,pending,pending,
adapters/web-ui,"packages/adapters/web-ui/src/components/sofia/ui/IconButton.tsx","IconButton.tsx",,hybrid,pending,pending,pending,pending,
adapters/web-ui,"packages/adapters/web-ui/src/components/sofia/ui/Input.tsx","Input.tsx",,hybrid,pending,pending,pending,pending,
adapters/web-ui,"packages/adapters/web-ui/src/components/sofia/ui/Label.tsx","Label.tsx",,hybrid,pending,pending,pending,pending,
adapters/web-ui,"packages/adapters/web-ui/src/components/sofia/ui/MenuList.tsx","MenuList.tsx",,hybrid,pending,pending,pending,pending,
adapters/web-ui,"packages/adapters/web-ui/src/components/sofia/ui/OverlayFooter.tsx","OverlayFooter.tsx",,hybrid,pending,pending,pending,pending,
adapters/web-ui,"packages/adapters/web-ui/src/components/sofia/ui/Progress.tsx","Progress.tsx",,hybrid,pending,pending,pending,pending,
adapters/web-ui,"packages/adapters/web-ui/src/components/sofia/ui/SearchInput.tsx","SearchInput.tsx",,hybrid,pending,pending,pending,pending,
adapters/web-ui,"packages/adapters/web-ui/src/components/sofia/ui/Sheet.tsx","Sheet.tsx",,hybrid,pending,pending,pending,pending,
adapters/web-ui,"packages/adapters/web-ui/src/components/sofia/ui/ShimmerText.tsx","ShimmerText.tsx",,hybrid,pending,pending,pending,pending,
adapters/web-ui,"packages/adapters/web-ui/src/components/sofia/ui/StatusDot.tsx","StatusDot.tsx",,hybrid,pending,pending,pending,pending,
adapters/web-ui,"packages/adapters/web-ui/src/components/sofia/ui/Switch.tsx","Switch.tsx",,hybrid,pending,pending,pending,pending,
adapters/web-ui,"packages/adapters/web-ui/src/components/sofia/ui/TabBar.tsx","TabBar.tsx",,hybrid,pending,pending,pending,pending,
adapters/web-ui,"packages/adapters/web-ui/src/components/sofia/ui/Textarea.tsx","Textarea.tsx",,hybrid,pending,pending,pending,pending,
adapters/web-ui,"packages/adapters/web-ui/src/components/system/AccessPad.tsx","AccessPad.tsx",,hybrid,pending,pending,pending,pending,
adapters/web-ui,"packages/adapters/web-ui/src/components/system/EncryptionStatus.tsx","EncryptionStatus.tsx",,hybrid,pending,pending,pending,pending,
adapters/web-ui,"packages/adapters/web-ui/src/components/system/FirewallRules.tsx","FirewallRules.tsx",,hybrid,pending,pending,pending,pending,
adapters/web-ui,"packages/adapters/web-ui/src/components/system/NetworkGraph.tsx","NetworkGraph.tsx",,hybrid,pending,pending,pending,pending,
adapters/web-ui,"packages/adapters/web-ui/src/components/system/PacketInspector.tsx","PacketInspector.tsx",,hybrid,pending,pending,pending,pending,
adapters/web-ui,"packages/adapters/web-ui/src/components/system/ProcessTable.tsx","ProcessTable.tsx",,hybrid,pending,pending,pending,pending,
adapters/web-ui,"packages/adapters/web-ui/src/components/system/ServerRackStatus.tsx","ServerRackStatus.tsx",,hybrid,pending,pending,pending,pending,
adapters/web-ui,"packages/adapters/web-ui/src/components/system/SignalMonitor.tsx","SignalMonitor.tsx",,hybrid,pending,pending,pending,pending,
adapters/web-ui,"packages/adapters/web-ui/src/components/system/SystemHealthGauge.tsx","SystemHealthGauge.tsx",,hybrid,pending,pending,pending,pending,
adapters/web-ui,"packages/adapters/web-ui/src/components/system/TerminalConsole.tsx","TerminalConsole.tsx",,hybrid,pending,pending,pending,pending,
adapters/web-ui,"packages/adapters/web-ui/src/components/visuals/CircuitPattern.tsx","CircuitPattern.tsx",,hybrid,pending,pending,pending,pending,
adapters/web-ui,"packages/adapters/web-ui/src/components/visuals/GeoMap.tsx","GeoMap.tsx",,hybrid,pending,pending,pending,pending,
adapters/web-ui,"packages/adapters/web-ui/src/components/visuals/GlobeWireframe.tsx","GlobeWireframe.tsx",,hybrid,pending,pending,pending,pending,
adapters/web-ui,"packages/adapters/web-ui/src/components/visuals/HexGridBackground.tsx","HexGridBackground.tsx",,hybrid,pending,pending,pending,pending,
adapters/web-ui,"packages/adapters/web-ui/src/components/visuals/HolographicCard.tsx","HolographicCard.tsx","packages/ui/src/components/migrations/holographic-card.tsx",hybrid,pass,pending,pass,pending,"Raw migrated candidate in kingly-ui Storybook"
adapters/web-ui,"packages/adapters/web-ui/src/components/visuals/ParticleStream.tsx","ParticleStream.tsx",,hybrid,pending,pending,pending,pending,
adapters/web-ui,"packages/adapters/web-ui/src/components/visuals/RadarSweep.tsx","RadarSweep.tsx",,hybrid,pending,pending,pending,pending,
adapters/web-ui,"packages/adapters/web-ui/src/components/visuals/SonarDisplay.tsx","SonarDisplay.tsx",,hybrid,pending,pending,pending,pending,
adapters/web-ui,"packages/adapters/web-ui/src/components/visuals/StarField.tsx","StarField.tsx",,hybrid,pending,pending,pending,pending,
adapters/web-ui,"packages/adapters/web-ui/src/components/visuals/VoiceVisualizer.tsx","VoiceVisualizer.tsx",,hybrid,pending,pending,pending,pending,
canvas/src,"packages/canvas/src/components/CanvasRenderer.tsx","CanvasRenderer.tsx",,hybrid,pending,pending,pending,pending,
canvas/src,"packages/canvas/src/components/ConnectionStatus.tsx","ConnectionStatus.tsx",,hybrid,pending,pending,pending,pending,
canvas/src,"packages/canvas/src/components/KanbanBoard.tsx","KanbanBoard.tsx",,hybrid,pending,pending,pending,pending,
canvas/src,"packages/canvas/src/components/MarkdownCard.tsx","MarkdownCard.tsx",,hybrid,pending,pending,pending,pending,
canvas/src,"packages/canvas/src/components/PolymorphPlayground.tsx","PolymorphPlayground.tsx",,hybrid,pending,pending,pending,pending,
canvas/src,"packages/canvas/src/components/TodoList.tsx","TodoList.tsx",,hybrid,pending,pending,pending,pending,
dashboard-manager-ui/src,"packages/dashboard-manager-ui/src/components/AnalyticsPanel.tsx","AnalyticsPanel.tsx",,hybrid,pending,pending,pending,pending,
dashboard-manager-ui/src,"packages/dashboard-manager-ui/src/components/CreateDashboardModal.tsx","CreateDashboardModal.tsx",,hybrid,pending,pending,pending,pending,
dashboard-manager-ui/src,"packages/dashboard-manager-ui/src/components/DashboardDetail.tsx","DashboardDetail.tsx",,hybrid,pending,pending,pending,pending,
dashboard-manager-ui/src,"packages/dashboard-manager-ui/src/components/DashboardList.tsx","DashboardList.tsx",,hybrid,pending,pending,pending,pending,
dashboard-manager-ui/src,"packages/dashboard-manager-ui/src/components/LogViewer.tsx","LogViewer.tsx",,hybrid,pending,pending,pending,pending,
dashboard-manager-ui/src,"packages/dashboard-manager-ui/src/components/StatusBadge.tsx","StatusBadge.tsx",,hybrid,pending,pending,pending,pending,
dashboard-manager-ui/src,"packages/dashboard-manager-ui/src/components/charts/RestartHistogram.tsx","RestartHistogram.tsx",,hybrid,pending,pending,pending,pending,
dashboard-manager-ui/src,"packages/dashboard-manager-ui/src/components/charts/UptimeChart.tsx","UptimeChart.tsx",,hybrid,pending,pending,pending,pending,
studio/src,"packages/studio/src/renderer/components/AgentDropdown.tsx","AgentDropdown.tsx",,hybrid,pending,pending,pending,pending,
studio/src,"packages/studio/src/renderer/components/AgentStatusOverlay.tsx","AgentStatusOverlay.tsx",,hybrid,pending,pending,pending,pending,
studio/src,"packages/studio/src/renderer/components/ApprovalQueue.tsx","ApprovalQueue.tsx",,hybrid,pending,pending,pending,pending,
studio/src,"packages/studio/src/renderer/components/AuditFeed.tsx","AuditFeed.tsx",,hybrid,pending,pending,pending,pending,
studio/src,"packages/studio/src/renderer/components/ChatPanel.tsx","ChatPanel.tsx",,hybrid,pending,pending,pending,pending,
studio/src,"packages/studio/src/renderer/components/ComponentGallery.tsx","ComponentGallery.tsx",,hybrid,pending,pending,pending,pending,
studio/src,"packages/studio/src/renderer/components/Dashboard.tsx","Dashboard.tsx",,hybrid,pending,pending,pending,pending,
studio/src,"packages/studio/src/renderer/components/DashboardDetailView.tsx","DashboardDetailView.tsx",,hybrid,pending,pending,pending,pending,
studio/src,"packages/studio/src/renderer/components/DiagnosticPanel.tsx","DiagnosticPanel.tsx",,hybrid,pending,pending,pending,pending,
studio/src,"packages/studio/src/renderer/components/FileExplorer.tsx","FileExplorer.tsx",,hybrid,pending,pending,pending,pending,
studio/src,"packages/studio/src/renderer/components/FileTree.tsx","FileTree.tsx",,hybrid,pending,pending,pending,pending,
studio/src,"packages/studio/src/renderer/components/FileViewer.tsx","FileViewer.tsx",,hybrid,pending,pending,pending,pending,
studio/src,"packages/studio/src/renderer/components/FooterPanel.tsx","FooterPanel.tsx",,hybrid,pending,pending,pending,pending,
studio/src,"packages/studio/src/renderer/components/Layers.tsx","Layers.tsx",,hybrid,pending,pending,pending,pending,
studio/src,"packages/studio/src/renderer/components/LogViewer.tsx","LogViewer.tsx",,hybrid,pending,pending,pending,pending,
studio/src,"packages/studio/src/renderer/components/Navigator.tsx","Navigator.tsx",,hybrid,pending,pending,pending,pending,
studio/src,"packages/studio/src/renderer/components/NavigatorWithDashboards.tsx","NavigatorWithDashboards.tsx",,hybrid,pending,pending,pending,pending,
studio/src,"packages/studio/src/renderer/components/Preview.tsx","Preview.tsx",,hybrid,pending,pending,pending,pending,
studio/src,"packages/studio/src/renderer/components/PropertiesPanel.tsx","PropertiesPanel.tsx",,hybrid,pending,pending,pending,pending,
studio/src,"packages/studio/src/renderer/components/SettingsModal.tsx","SettingsModal.tsx",,hybrid,pending,pending,pending,pending,
studio/src,"packages/studio/src/renderer/components/TaskChecklist.tsx","TaskChecklist.tsx",,hybrid,pending,pending,pending,pending,
studio/src,"packages/studio/src/renderer/components/Terminal.tsx","Terminal.tsx",,hybrid,pending,pending,pending,pending,
studio/src,"packages/studio/src/renderer/components/TerminalLinkPopup.tsx","TerminalLinkPopup.tsx",,hybrid,pending,pending,pending,pending,
studio/src,"packages/studio/src/renderer/components/Toolbar.tsx","Toolbar.tsx",,hybrid,pending,pending,pending,pending,
studio/src,"packages/studio/src/renderer/components/VoiceConsole.tsx","VoiceConsole.tsx",,hybrid,pending,pending,pending,pending,
studio/src,"packages/studio/src/renderer/components/charts/RestartHistogram.tsx","RestartHistogram.tsx",,hybrid,pending,pending,pending,pending,
studio/src,"packages/studio/src/renderer/components/charts/StatusPieChart.tsx","StatusPieChart.tsx",,hybrid,pending,pending,pending,pending,
studio/src,"packages/studio/src/renderer/components/charts/UptimeChart.tsx","UptimeChart.tsx",,hybrid,pending,pending,pending,pending,
studio/src,"packages/studio/src/renderer/components/chat/ChatHeader.tsx","ChatHeader.tsx",,hybrid,pending,pending,pending,pending,
studio/src,"packages/studio/src/renderer/components/chat/ChatInput.tsx","ChatInput.tsx",,hybrid,pending,pending,pending,pending,
studio/src,"packages/studio/src/renderer/components/chat/ChatMessage.tsx","ChatMessage.tsx",,hybrid,pending,pending,pending,pending,
studio/src,"packages/studio/src/renderer/components/chat/ChatSearch.tsx","ChatSearch.tsx",,hybrid,pending,pending,pending,pending,
studio/src,"packages/studio/src/renderer/components/chat/SessionTabs.tsx","SessionTabs.tsx",,hybrid,pending,pending,pending,pending,
studio/src,"packages/studio/src/renderer/components/chat/ToolCard.tsx","ToolCard.tsx",,hybrid,pending,pending,pending,pending,
studio/src,"packages/studio/src/renderer/components/chat/WelcomeScreen.tsx","WelcomeScreen.tsx",,hybrid,pending,pending,pending,pending,
studio/src,"packages/studio/src/renderer/components/ui/Badge.tsx","Badge.tsx",,hybrid,pending,pending,pending,pending,
studio/src,"packages/studio/src/renderer/components/ui/Button.tsx","Button.tsx",,hybrid,pending,pending,pending,pending,
studio/src,"packages/studio/src/renderer/components/ui/CodeDiffViewer.tsx","CodeDiffViewer.tsx",,hybrid,pending,pending,pending,pending,
studio/src,"packages/studio/src/renderer/components/ui/ContextMenu.tsx","ContextMenu.tsx",,hybrid,pending,pending,pending,pending,
studio/src,"packages/studio/src/renderer/components/ui/CopyButton.tsx","CopyButton.tsx",,hybrid,pending,pending,pending,pending,
studio/src,"packages/studio/src/renderer/components/ui/Dropdown.tsx","Dropdown.tsx",,hybrid,pending,pending,pending,pending,
studio/src,"packages/studio/src/renderer/components/ui/EmptyState.tsx","EmptyState.tsx",,hybrid,pending,pending,pending,pending,
studio/src,"packages/studio/src/renderer/components/ui/IconButton.tsx","IconButton.tsx",,hybrid,pending,pending,pending,pending,
studio/src,"packages/studio/src/renderer/components/ui/Input.tsx","Input.tsx",,hybrid,pending,pending,pending,pending,
studio/src,"packages/studio/src/renderer/components/ui/Kbd.tsx","Kbd.tsx",,hybrid,pending,pending,pending,pending,
studio/src,"packages/studio/src/renderer/components/ui/Modal.tsx","Modal.tsx",,hybrid,pending,pending,pending,pending,
studio/src,"packages/studio/src/renderer/components/ui/SearchInput.tsx","SearchInput.tsx",,hybrid,pending,pending,pending,pending,
studio/src,"packages/studio/src/renderer/components/ui/Spinner.tsx","Spinner.tsx",,hybrid,pending,pending,pending,pending,
studio/src,"packages/studio/src/renderer/components/ui/StatusGrid.tsx","StatusGrid.tsx","packages/ui/src/components/migrations/status-grid.tsx",hybrid,pass,pending,pass,pending,"Raw migrated candidate in kingly-ui Storybook"
studio/src,"packages/studio/src/renderer/components/ui/Table.tsx","Table.tsx",,hybrid,pending,pending,pending,pending,
studio/src,"packages/studio/src/renderer/components/ui/Tabs.tsx","Tabs.tsx",,hybrid,pending,pending,pending,pending,
studio/src,"packages/studio/src/renderer/components/ui/Timeline.tsx","Timeline.tsx",,hybrid,pending,pending,pending,pending,
studio/src,"packages/studio/src/renderer/components/ui/Toast.tsx","Toast.tsx",,hybrid,pending,pending,pending,pending,
studio/src,"packages/studio/src/renderer/components/ui/Tooltip.tsx","Tooltip.tsx",,hybrid,pending,pending,pending,pending,
ui/src,"packages/ui/src/components/dashboard/ArtifactBadge.tsx","ArtifactBadge.tsx",,hybrid,pending,pending,pending,pending,
ui/src,"packages/ui/src/components/dashboard/CollapseButton.tsx","CollapseButton.tsx",,hybrid,pending,pending,pending,pending,
ui/src,"packages/ui/src/components/dashboard/DashboardWidget.tsx","DashboardWidget.tsx",,hybrid,pending,pending,pending,pending,
ui/src,"packages/ui/src/components/dashboard/DocCard.tsx","DocCard.tsx",,hybrid,pending,pending,pending,pending,
ui/src,"packages/ui/src/components/dashboard/GraphView.tsx","GraphView.tsx",,hybrid,pending,pending,pending,pending,
ui/src,"packages/ui/src/components/dashboard/LoadingStateProvider.tsx","LoadingStateProvider.tsx",,hybrid,pending,pending,pending,pending,
ui/src,"packages/ui/src/components/dashboard/ResponsiveDashboard.tsx","ResponsiveDashboard.tsx",,hybrid,pending,pending,pending,pending,
ui/src,"packages/ui/src/components/dashboard/SpecPanel.tsx","SpecPanel.tsx",,hybrid,pending,pending,pending,pending,
ui/src,"packages/ui/src/components/dashboard/StreamingIndicator.tsx","StreamingIndicator.tsx",,hybrid,pending,pending,pending,pending,
ui/src,"packages/ui/src/components/dashboard/TreeExpander.tsx","TreeExpander.tsx",,hybrid,pending,pending,pending,pending,
ui/src,"packages/ui/src/components/dashboard/WidgetCrashFallback.tsx","WidgetCrashFallback.tsx",,hybrid,pending,pending,pending,pending,
ui/src,"packages/ui/src/components/dashboard/WidgetEmpty.tsx","WidgetEmpty.tsx",,hybrid,pending,pending,pending,pending,
ui/src,"packages/ui/src/components/dashboard/WidgetError.tsx","WidgetError.tsx",,hybrid,pending,pending,pending,pending,
ui/src,"packages/ui/src/components/dashboard/WidgetFooter.tsx","WidgetFooter.tsx",,hybrid,pending,pending,pending,pending,
ui/src,"packages/ui/src/components/dashboard/WidgetHeaderAction.tsx","WidgetHeaderAction.tsx",,hybrid,pending,pending,pending,pending,
ui/src,"packages/ui/src/components/dashboard/WidgetWrapper.tsx","WidgetWrapper.tsx",,hybrid,pending,pending,pending,pending,
ui/src,"packages/ui/src/components/dashboard/skeletons/ChartSkeleton.tsx","ChartSkeleton.tsx",,hybrid,pending,pending,pending,pending,
ui/src,"packages/ui/src/components/dashboard/skeletons/GaugeSkeleton.tsx","GaugeSkeleton.tsx",,hybrid,pending,pending,pending,pending,
ui/src,"packages/ui/src/components/dashboard/skeletons/GridSkeleton.tsx","GridSkeleton.tsx",,hybrid,pending,pending,pending,pending,
ui/src,"packages/ui/src/components/dashboard/skeletons/StatGridSkeleton.tsx","StatGridSkeleton.tsx",,hybrid,pending,pending,pending,pending,
ui/src,"packages/ui/src/components/dashboard/skeletons/StatusBarSkeleton.tsx","StatusBarSkeleton.tsx",,hybrid,pending,pending,pending,pending,
ui/src,"packages/ui/src/components/dashboard/skeletons/TableSkeleton.tsx","TableSkeleton.tsx",,hybrid,pending,pending,pending,pending,
ui/src,"packages/ui/src/components/migrations/holographic-card.tsx","holographic-card.tsx",,hybrid,pending,pending,pending,pending,
ui/src,"packages/ui/src/components/migrations/status-grid.tsx","status-grid.tsx",,hybrid,pending,pending,pending,pending,
ui/src,"packages/ui/src/components/recipes/crud/context.tsx","context.tsx",,hybrid,pending,pending,pending,pending,
ui/src,"packages/ui/src/components/recipes/crud/dialogs/ArchiveDialog.tsx","ArchiveDialog.tsx",,hybrid,pending,pending,pending,pending,
ui/src,"packages/ui/src/components/recipes/crud/dialogs/CreateDialog.tsx","CreateDialog.tsx",,hybrid,pending,pending,pending,pending,
ui/src,"packages/ui/src/components/recipes/crud/dialogs/DeleteDialog.tsx","DeleteDialog.tsx",,hybrid,pending,pending,pending,pending,
ui/src,"packages/ui/src/components/recipes/crud/dialogs/EditDialog.tsx","EditDialog.tsx",,hybrid,pending,pending,pending,pending,
ui/src,"packages/ui/src/components/recipes/crud/dialogs/RestoreDialog.tsx","RestoreDialog.tsx",,hybrid,pending,pending,pending,pending,
ui/src,"packages/ui/src/components/recipes/crud/filters/FilterBar.tsx","FilterBar.tsx",,hybrid,pending,pending,pending,pending,
ui/src,"packages/ui/src/components/recipes/crud/forms/EntityForm.tsx","EntityForm.tsx",,hybrid,pending,pending,pending,pending,
ui/src,"packages/ui/src/components/recipes/crud/forms/FieldRenderer.tsx","FieldRenderer.tsx",,hybrid,pending,pending,pending,pending,
ui/src,"packages/ui/src/components/recipes/crud/layouts/CrudArchivePage.tsx","CrudArchivePage.tsx",,hybrid,pending,pending,pending,pending,
ui/src,"packages/ui/src/components/recipes/crud/layouts/CrudDetailPage.tsx","CrudDetailPage.tsx",,hybrid,pending,pending,pending,pending,
ui/src,"packages/ui/src/components/recipes/crud/layouts/CrudListPage.tsx","CrudListPage.tsx",,hybrid,pending,pending,pending,pending,
ui/src,"packages/ui/src/components/recipes/crud/views/ListView.tsx","ListView.tsx",,hybrid,pending,pending,pending,pending,
ui/src,"packages/ui/src/components/recipes/crud/views/TableView.tsx","TableView.tsx",,hybrid,pending,pending,pending,pending,
ui/src,"packages/ui/src/components/recipes/crud/views/TileCard.tsx","TileCard.tsx",,hybrid,pending,pending,pending,pending,
ui/src,"packages/ui/src/components/recipes/crud/views/TileView.tsx","TileView.tsx",,hybrid,pending,pending,pending,pending,
ui/src,"packages/ui/src/components/recipes/crud/views/ViewSwitcher.tsx","ViewSwitcher.tsx",,hybrid,pending,pending,pending,pending,
ui/src,"packages/ui/src/components/recipes/header-status-dropdown.tsx","header-status-dropdown.tsx",,hybrid,pending,pending,pending,pending,
ui/src,"packages/ui/src/components/recipes/hero.tsx","hero.tsx",,hybrid,pending,pending,pending,pending,
ui/src,"packages/ui/src/components/ui/alert-dialog.tsx","alert-dialog.tsx",,hybrid,pending,pending,pending,pending,
ui/src,"packages/ui/src/components/ui/animations.tsx","animations.tsx",,hybrid,pending,pending,pending,pending,
ui/src,"packages/ui/src/components/ui/badge.tsx","badge.tsx",,hybrid,pending,pending,pending,pending,
ui/src,"packages/ui/src/components/ui/button.tsx","button.tsx",,hybrid,pending,pending,pending,pending,
ui/src,"packages/ui/src/components/ui/card.tsx","card.tsx",,hybrid,pending,pending,pending,pending,
ui/src,"packages/ui/src/components/ui/checkbox.tsx","checkbox.tsx",,hybrid,pending,pending,pending,pending,
ui/src,"packages/ui/src/components/ui/dialog.tsx","dialog.tsx",,hybrid,pending,pending,pending,pending,
ui/src,"packages/ui/src/components/ui/filtered-dropdown.tsx","filtered-dropdown.tsx",,hybrid,pending,pending,pending,pending,
ui/src,"packages/ui/src/components/ui/form.tsx","form.tsx",,hybrid,pending,pending,pending,pending,
ui/src,"packages/ui/src/components/ui/glow-orb.tsx","glow-orb.tsx",,hybrid,pending,pending,pending,pending,
ui/src,"packages/ui/src/components/ui/icon-button.tsx","icon-button.tsx",,hybrid,pending,pending,pending,pending,
ui/src,"packages/ui/src/components/ui/input.tsx","input.tsx",,hybrid,pending,pending,pending,pending,
ui/src,"packages/ui/src/components/ui/label.tsx","label.tsx",,hybrid,pending,pending,pending,pending,
ui/src,"packages/ui/src/components/ui/menu-list.tsx","menu-list.tsx",,hybrid,pending,pending,pending,pending,
ui/src,"packages/ui/src/components/ui/overlay-footer.tsx","overlay-footer.tsx",,hybrid,pending,pending,pending,pending,
ui/src,"packages/ui/src/components/ui/progress.tsx","progress.tsx",,hybrid,pending,pending,pending,pending,
ui/src,"packages/ui/src/components/ui/search-input.tsx","search-input.tsx",,hybrid,pending,pending,pending,pending,
ui/src,"packages/ui/src/components/ui/sheet.tsx","sheet.tsx",,hybrid,pending,pending,pending,pending,
ui/src,"packages/ui/src/components/ui/shimmer-text.tsx","shimmer-text.tsx",,hybrid,pending,pending,pending,pending,
ui/src,"packages/ui/src/components/ui/status-dot.tsx","status-dot.tsx",,hybrid,pending,pending,pending,pending,
ui/src,"packages/ui/src/components/ui/switch.tsx","switch.tsx",,hybrid,pending,pending,pending,pending,
ui/src,"packages/ui/src/components/ui/tab-bar.tsx","tab-bar.tsx",,hybrid,pending,pending,pending,pending,
ui/src,"packages/ui/src/components/ui/textarea.tsx","textarea.tsx",,hybrid,pending,pending,pending,pending,
